neutral,selected
3952061.0728316484,16022509.0927732
3608.8688011881923,6252.518724637054
1796.7369715197797,2912.062172936086
1135.9879647322546,1756.1563184911322
795.3991985470741,1173.2605207001382
610.5849683396697,864.085205503701
504.6904414981893,700.6582416559419
444.2522182217611,619.8223615845014
421.03915165160987,588.1847183952925
522.2692664135006,723.2571491360972
0.0,0.0
