neutral,selected
39701729.121114664,160295610.93643016
317.2613938859204,718.3215749397583
153.55792889649987,340.4180107297429
94.12632219096827,210.64654290546093
65.07783350733831,141.7367676079588
52.747101047855125,107.6120189726497
48.04550626701842,95.78434022809239
46.11085718722025,95.01080068704063
54.192906207260755,119.29254990715212
0.0,0.0
