neutral,selected
3952936.584359017,16023978.031212207
3601.667379029476,6155.381485925858
1754.1506113485914,2788.169725093558
1090.0261672438753,1637.2974871468562
772.5770846482321,1106.686923842967
612.1714898653256,854.9537725910977
536.5896804537304,749.407559639844
597.1350421541945,829.170019793203
0.0,0.0
