,match,no_data,mismatch,mismatch_fraction
Homo_sapiens,99114.0,2423.0,956.0,0.009553312681123213
Pongo_abelii,100565.0,303.0,1625.0,0.01590175163910363
