,n_sites,n_annotated,n_mismatches,outgroup_divergence,params_mle
0,17119185,110682,3894,[3.12501642e-05 3.21079780e-05],"{'K0': 1.687335273914509e-05, 'K1': 1.4376811481355345e-05, 'K2': 1.5234625228181201e-05, 'k': 3.6065662002152874}"
