,match,no_data,mismatch,mismatch_fraction
Homo_sapiens,297898.0,25092.0,4863.0,0.01606217445443766
Nomascus_leucogenys,268672.0,52481.0,6700.0,0.02433072353035167
