,match,no_data,mismatch,mismatch_fraction
Homo_sapiens,108847.0,14914.0,3318.0,0.029581420229126732
Nomascus_leucogenys,96214.0,27725.0,3140.0,0.031604162892284154
