neutral,selected
4090352.5516509693,15993550.053221073
17496.32958345059,25796.6841687028
6269.309818186063,8339.02148573185
3135.2673349064494,4110.090102543102
1896.4692656232319,2482.888270679164
1288.267690804464,1664.1767048972997
944.0311367716023,1199.9488588377174
735.6302614246529,945.2804454000174
0.0,0.0
