neutral,selected
4054155.497069003,16169306.030058116
5485.107051430835,8781.334340623282
2589.1461312783217,3785.431522137135
1598.429770858715,2371.750358075025
1185.4442387677898,1813.8017048311349
909.1813448230241,1309.9878932162792
728.3992638494392,987.7180185182872
587.5855311494602,808.1557033185638
0.0,0.0
