neutral,selected
3855754.977438306,15742566.655861741
29953.029470953195,37003.26166807566
7509.70085390214,8708.602119507284
3402.7792319335167,4117.727754488086
2205.4133644130957,2908.254467754195
1580.3759351218114,2013.01288265264
1320.6280505273278,1605.6228222184839
1191.1148069841151,1428.8432714217536
0.0,0.0
