,n_sites,n_annotated,n_mismatches,outgroup_divergence,params_mle
0,18298333,660913,59687,[8.02870428e-05 2.60908840e-05 7.63430111e-05],"{'K0': 6.68268113915175e-06, 'K1': 7.360436169790685e-05, 'K2': 1.3933447139821167e-05, 'K3': 5.474755762367967e-06, 'K4': 5.5726882772461346e-05, 'k': 3.260849056603772}"
