,n_sites,n_annotated,n_mismatches,outgroup_divergence,params_mle
0,18174855,199374,39551,[2.46201914e-04 9.75865542e-05 1.05462893e-04],"{'K0': 8.8149386300636e-05, 'K1': 0.00015805252757696242, 'K2': 1.3153271764011055e-06, 'K3': 8.121840695672945e-06, 'K4': 1.5998179315506818e-05, 'k': 3.1575532900834116}"
