,n_sites,n_annotated,n_mismatches,outgroup_divergence,params_mle
0,18174856,199451,39406,[0.00025185 0.0001048  0.00011285],"{'K0': 9.463817307037435e-05, 'K1': 0.00015720871425557693, 'K2': 2.074040433569768e-06, 'K3': 8.086568829714107e-06, 'K4': 1.6135262704042097e-05, 'k': 3.157553290083408}"
