,n_sites,n_annotated,n_mismatches,outgroup_divergence,params_mle
0,17547158,61620,2652,[2.19906959e-05 2.20006959e-05 1.44369299e-04],"{'K0': 2.1980695924372267e-05, 'K1': 1e-08, 'K2': 1e-08, 'K3': 1e-08, 'K4': 0.00012237860303624423, 'k': 3.0819981149858715}"
