,n_sites,n_annotated,n_mismatches,outgroup_divergence,params_mle
0,17468128,61143,2603,[2.00804969e-05 2.00904969e-05 1.42772446e-04],"{'K0': 2.0070496916297914e-05, 'K1': 1e-08, 'K2': 1e-08, 'K3': 1e-08, 'K4': 0.00012269194889575393, 'k': 3.09643705463183}"
