,n_sites,n_annotated,n_mismatches,outgroup_divergence,params_mle
0,18207236,119925,95208,[0.00039955 0.00039956 0.00061949],"{'K0': 0.00039954134046173514, 'K1': 1e-08, 'K2': 1e-08, 'K3': 1e-08, 'K4': 0.00021993781290433013, 'k': 3.327395281656234}"
