,n_sites,n_annotated,n_mismatches,outgroup_divergence,params_mle
0,18061508,168829,51411,[0.00015978 0.00015979 0.0002997 ],"{'K0': 0.00015976777190036457, 'K1': 1e-08, 'K2': 1e-08, 'K3': 1e-08, 'K4': 0.00013991865339351055, 'k': 3.2906641000962487}"
