neutral,selected
4302771.068038983,15505047.754179405
252.0481898441165,262.3805407216231
108.0495439601435,107.22281171822411
61.47720561805552,67.63011557526427
38.75449052864698,49.05111090090446
25.31520791361409,32.72480004299804
16.228051883783067,17.96103124717035
9.789874828396046,8.544806829583873
0.0,0.0
