neutral,selected
3796547.542735888,15939612.402496016
15575.355052321085,19919.29579926691
6462.428904407587,7929.280907601007
3830.8072104178973,4831.017903145199
2583.0647191133207,3342.31451085169
1769.9377645449429,2262.5249931563576
1181.6891463826037,1433.4617523826644
740.4413650250801,854.4347394799519
0.0,0.0
