,match,mismatch,no_data,mismatch_fraction
Homo_sapiens,132682.0,2903.0,1530.0,0.02141092303720913
Pongo_abelii,119818.0,3880.0,13417.0,0.03136671571084415
