,n_sites,n_annotated,n_mismatches,outgroup_divergence,params_mle
0,18258658,512710,34490,[2.64593951e-05 3.78487158e-05 1.18559515e-04],"{'K0': 2.0882788512926334e-05, 'K1': 5.5766066030094355e-06, 'K2': 9.822834941943597e-06, 'K3': 7.143092306272263e-06, 'K4': 8.785389131762069e-05, 'k': 3.3347578347578324}"
