,match,mismatch,no_data,mismatch_fraction
Homo_sapiens,85432.0,1765.0,464.0,0.020241522070713443
Nomascus_leucogenys,75143.0,1790.0,10728.0,0.023266998557186124
