neutral,selected
3932987.72221112,15675175.03334443
23921.814580400005,30477.764227380278
8270.167932451877,9250.782578122218
4250.9109756987755,4759.082173719905
2776.333333333419,3177.44444444463
1853.4223576346774,2087.673381835841
1260.4987342145537,1389.1063107662608
763.5854196020205,868.6579948440952
0.0,0.0
