,no_data,match,mismatch,mismatch_fraction
Pithecia_pithecia,583379.0,566210.0,19916.0,0.03397904204897923
Sapajus_apella,993323.0,170345.0,5837.0,0.0331305127652087
