,no_data,match,mismatch,mismatch_fraction
Pithecia_pithecia,588683.0,574452.0,20096.0,0.033800466909315985
Sapajus_apella,1006267.0,171154.0,5810.0,0.032831536357677264
