,n_sites,n_annotated,n_mismatches,outgroup_divergence,params_mle
0,5279143,137037,8163,[4.24053263e-05 4.63101743e-05],"{'K0': 2.3774436590300604e-05, 'K1': 1.863088971185349e-05, 'K2': 2.2535737730855754e-05, 'k': 3.8595194085027735}"
