,no_data,match,mismatch,mismatch_fraction
Pithecia_pithecia,172598.0,134367.0,8281.0,0.05805198811059391
Sapajus_apella,273709.0,39801.0,1736.0,0.04179406312444327
