neutral,selected
4057880.964265433,16074394.137895443
5243.482864426599,9411.58718843827
2118.5484950719256,3424.7761275902008
1126.0736799052027,1750.6906519979395
693.1140157452351,1067.5479731901748
489.96231396753694,750.177840207928
391.7743530398326,593.5442017653221
351.45653228205265,518.1616014982077
0.0,0.0
