neutral,selected
4057880.964265433,16074394.137895439
5243.484056074129,9411.588269159955
2118.549078377391,3424.7763211441184
1126.073830818386,1750.6907373780618
693.1140157452351,1067.5479731901748
489.962163054356,750.1777548278088
391.7737697343656,593.5440082113907
351.4553406345347,518.1605207765356
0.0,0.0
