,n_sites,n_annotated,n_mismatches,outgroup_divergence,params_mle
0,16904516,268882,70503,[0.00030114 0.00014066 0.00013991],"{'K0': 0.00012879859521561864, 'K1': 0.00017233976163862218, 'K2': 1.7159079817529458e-06, 'K3': 1.0141684986588021e-05, 'K4': 9.395505861560086e-06, 'k': 3.7293312269615546}"
