,n_sites,n_annotated,n_mismatches,outgroup_divergence,params_mle
0,12207270,262313,115665,[0.00034055 0.0001612 ],"{'K0': 0.00015641243057833824, 'K1': 0.00018413457782805677, 'K2': 4.783985755572086e-06, 'k': 3.2612612612612617}"
