,n_sites,n_annotated,n_mismatches,outgroup_divergence,params_mle
0,12268098,295097,110869,[0.00029182 0.00013546],"{'K0': 0.00012986590371026494, 'K1': 0.00016195707014678853, 'K2': 5.594094053043087e-06, 'k': 3.2415551306564696}"
