,match,mismatch,mismatch_fraction,no_data
Sapajus_apella,266713.0,28.0,0.00010497073940639046,
Saimiri_boliviensis,151703.0,3783.0,0.024330164773677374,111255.0
