,match,mismatch,mismatch_fraction,no_data
Sapajus_apella,299419.0,45.0,0.00015026847968370154,
Saimiri_boliviensis,170763.0,4108.0,0.023491602381183845,124593.0
