,mismatch,match,no_data,mismatch_fraction
Saimiri_boliviensis,1550.0,65411.0,48179.0,0.023147802452173655
Saguinus_oedipus,1403.0,54258.0,59479.0,0.025206158710766965
