neutral,selected
3894188.139499046,15850345.106965603
11217.3775493331,13821.627500610826
5211.405635454135,6322.180688867471
3708.4883658347067,4352.039418707823
3133.292929293101,3988.919191919516
2392.152038205481,2670.1504802817467
1987.9741625257163,2005.6435535569378
1795.559824403896,1735.9421963581083
0.0,0.0
