,no_data,match,mismatch,mismatch_fraction
Saguinus_oedipus,91610.0,103977.0,3038.0,0.028388543662103444
Sapajus_apella,75378.0,119436.0,3811.0,0.030921645151606125
