,no_data,match,mismatch,mismatch_fraction
Saguinus_oedipus,91188.0,99967.0,2874.0,0.027946052644373352
Sapajus_apella,75209.0,114979.0,3841.0,0.032326207709139874
