,no_data,match,mismatch,mismatch_fraction
Saguinus_oedipus,148335.0,168498.0,5094.0,0.029344670261302365
Sapajus_apella,121412.0,194007.0,6508.0,0.03245642470638107
