,no_data,match,mismatch,mismatch_fraction
Saguinus_oedipus,149716.0,160844.0,4777.0,0.028842960735655503
Sapajus_apella,124395.0,184669.0,6273.0,0.032852908212965194
