,n_sites,n_annotated,n_mismatches,outgroup_divergence,params_mle
0,17658120,74214,3241,[2.78106343e-05 3.21651444e-05 3.78500666e-05],"{'K0': 1.6051150115901517e-05, 'K1': 1.1759484218974325e-05, 'K2': 7.270419475376559e-06, 'K3': 8.843574820731416e-06, 'K4': 1.4528497005710938e-05, 'k': 3.5524093392945852}"
