label,x
Homo_sapiens,11012.88694904354
Pan_paniscus,11456.84111207907
Pan_troglodytes_ellioti,19548.4961828898
Pan_troglodytes_schweinfurthii,25083.651594237082
Pan_troglodytes_troglodytes,31595.925007660135
Pan_troglodytes_verus,12555.09269004892
Gorilla_gorilla_gorilla,23597.744989138333
Pongo_abelii,21830.475988585626
Pongo_pygmaeus,24798.64668823888
