neutral,selected
4158112.79605402,16091150.203945981
605.0900276303291,843.1829089522362
637.2526452541351,807.1755793094635
515.3842449188232,735.1012332439423
681.0,1011.0
299.61575508117676,375.89876675605774
191.74735474586487,242.8244206905365
89.90997236967087,104.81709104776382
0.0,0.0
