neutral,selected
4099628.6332949474,15989090.17055584
17268.48788656637,24900.58519280781
4503.853840024127,6340.5135898406115
2253.6470730282413,3166.255822907944
1662.0104528059871,2317.2293962016915
1479.1986510661861,2000.762070304099
1323.2197148053278,1722.3854302677348
1128.5667663142165,1420.480262272592
0.0,0.0
