neutral,selected
3875913.9349122928,15802158.598421039
5816.0294510034,7715.668810541374
2166.1533949838963,2657.1831960983036
1122.713866178176,1327.8057591504203
733.0000000000013,1053.1111111111195
510.8861338218091,649.2164630717623
371.6910494605738,462.4390261239524
287.8816601077509,323.6867450144317
0.0,0.0
