neutral,selected
4009702.9734175447,15927211.734915117
92288.4268350225,96518.77729267986
37492.02256439484,39014.23266778161
5431.352848109782,6569.121216414484
4097.499268705113,4974.337241190239
2498.1728797574056,2882.707208102408
4571.3157417494585,5027.718842805773
8689.367515158669,9433.239545466566
0.0,0.0
