neutral,selected
3916242.9559031175,15738021.044096883
9540.944735586643,13051.739316344261
4675.941536426544,5953.970110118389
2778.210040807724,3307.338316142559
1992.0,2508.0
1183.789959192276,1386.661683857441
785.0584635734558,866.0298898816109
459.0552644133568,517.2606836557388
0.0,0.0
