,n_sites,n_annotated,n_mismatches,outgroup_divergence,params_mle
0,18521582,130776,22247,[8.97697887e-05 8.97797887e-05 2.22249254e-04],"{'K0': 8.975978868732045e-05, 'K1': 1e-08, 'K2': 1e-08, 'K3': 1e-08, 'K4': 0.00013247946531511127, 'k': 3.4651384909264547}"
