,n_sites,n_annotated,n_mismatches,outgroup_divergence,params_mle
0,18880185,128774,10431,[4.14126750e-05 4.14226750e-05 1.52888398e-04],"{'K0': 4.140267497475873e-05, 'K1': 1e-08, 'K2': 1e-08, 'K3': 1e-08, 'K4': 0.00011147572306921237, 'k': 3.449579831932772}"
