,n_sites,n_annotated,n_mismatches,outgroup_divergence,params_mle
0,18719692,132283,24322,[9.26141422e-05 9.26241422e-05 2.24450360e-04],"{'K0': 9.260414215574816e-05, 'K1': 1e-08, 'K2': 1e-08, 'K3': 1e-08, 'K4': 0.00013183621737120987, 'k': 3.440789473684212}"
