neutral,selected
4086225.2596840626,15897253.46428079
2565.057659313858,4333.5763409245055
1225.9074599367996,1700.397751059027
866.73178288113,1123.676728744209
690.3538543436783,853.0681731472308
578.963264558859,687.7455154757337
487.6149930423324,563.3302385674793
393.24639106974035,451.6058820816557
0.0,0.0
