neutral,selected
3908431.051324167,16047865.525891243
7979.867414696053,12121.378408793491
3855.625348688988,5100.600118131054
2355.4693921908806,2982.054256954505
1584.8448113669417,1981.4733737216748
1104.2763787854349,1382.9890501345992
797.0317975071542,1019.9861020633692
619.8974937296465,817.9288378272917
0.0,0.0
