neutral,selected
3906674.2082488355,16045162.250254912
8000.25428702421,12485.952883808437
3952.9801420509025,5331.589884349513
2477.0600002326955,3187.25444654667
1714.673662599265,2145.381537222544
1252.8957141231379,1562.3364804718894
930.7012479631014,1162.144449822899
705.1613120519647,887.7262925241546
551.6868064303846,719.1825608645166
468.4425398261648,628.1172483405612
0.0,0.0
