,match,mismatch,no_data,mismatch_fraction
Homo_sapiens,14322492.0,280540.0,585982.0,0.01921107890470965
Pongo_abelii,14827711.0,361303.0,,0.02378712666931507
