,match,no_data,mismatch,mismatch_fraction
Hylobates_pileatus,32423.0,3179.0,299.0,0.009137583277305789
Homo_sapiens,34396.0,787.0,718.0,0.020447684684171557
