,n_sites,n_annotated,n_mismatches,outgroup_divergence,params_mle
0,15126121,246696,70037,[0.00025521 0.00013547],"{'K0': 0.0001309488241375563, 'K1': 0.00012426351083349535, 'K2': 4.525997872868483e-06, 'k': 3.723703703703704}"
