,n_sites,n_annotated,n_mismatches,outgroup_divergence,params_mle
0,19110299,254472,84208,[0.00033966 0.00016769 0.00017474],"{'K0': 0.00015926659250674945, 'K1': 0.00018039481834817374, 'K2': 2.5318786800631246e-07, 'K3': 8.16822779567407e-06, 'K4': 1.5224292815212485e-05, 'k': 3.577389616690928}"
