,n_sites,n_annotated,n_mismatches,outgroup_divergence,params_mle
0,19122444,234756,85064,[0.00036941 0.00018388 0.00018893],"{'K0': 0.00017454669539669466, 'K1': 0.0001948592245872417, 'K2': 4.052234519908743e-08, 'K3': 9.291763980189554e-06, 'K4': 1.4338550595685517e-05, 'k': 3.634266077565046}"
