,n_sites,n_annotated,n_mismatches,outgroup_divergence,params_mle
0,19087988,253300,83224,[0.00033937 0.00016531 0.00017247],"{'K0': 0.00015728669240634358, 'K1': 0.00018208311069147209, 'K2': 8.052666203985107e-08, 'K3': 7.944939542290365e-06, 'K4': 1.5105258549734613e-05, 'k': 3.5742718446601938}"
