,n_sites,n_annotated,n_mismatches,outgroup_divergence,params_mle
0,18415741,63322,20243,[0.00034858 0.0001572  0.00016372],"{'K0': 0.00014714094203248907, 'K1': 0.00020143788472138402, 'K2': 2.5106073920234165e-06, 'K3': 7.55131673764723e-06, 'K4': 1.4064317028768932e-05, 'k': 3.3748796920115467}"
