neutral,selected
4086076.5101226023,15894947.207662793
2951.102357415269,4989.805879090873
1411.0954074539218,1971.1630754985151
995.4102159473019,1289.5226068800282
788.2378096041936,971.1311339081947
656.1038109642927,782.7230096077528
549.5430994492699,647.2392852450839
444.2266420111246,528.977881531102
0.0,0.0
