neutral,selected
3902237.5704709548,16051988.915783146
6719.999993520045,10237.96672259908
3731.69996278835,5096.061248602161
2446.1017448855914,3155.7740046198874
1765.9307701737682,2202.886442847666
1356.2958715985135,1658.3376167115346
1089.2139821167077,1312.373593542202
908.1700752512896,1077.2443959159007
769.8714477392988,898.7217001517604
624.6302170544973,722.2339557819457
0.0,0.0
