neutral,selected
40326255.296097085,159672495.75682718
145.44940195324145,445.02645680545027
50.674657086623895,155.5008393291967
24.453553965138394,84.5946659764125
16.233587993797833,57.49634026674163
12.831545550806759,48.22018350699437
11.497925927896413,47.489315206381114
12.756015466787831,53.13505695962837
15.751035193069459,67.83649456684343
0.0,0.0
