neutral,selected
3912415.9339654585,16033491.80626687
12699.97138378227,17948.276304054627
4524.360594671147,5708.448217493518
2258.1895785685824,2813.0004641323508
1372.3409699416266,1717.1470085664678
946.2101754572919,1185.1529051289608
706.2895024707279,897.0891332428542
560.5747973917712,755.2087327712788
0.0,0.0
