neutral,selected
3909542.567753409,16029397.161429496
13422.28289812046,19324.36635894274
5024.330345366038,6370.266076245943
2549.497001620085,3159.4598061436122
1547.7351757790043,1933.230755866091
1063.1852656349777,1335.1678369993028
788.3122913210382,986.9305415013375
617.6051130499094,773.381800521152
502.9491246598438,647.0031830036237
425.4059987818484,589.1612435387013
0.0,0.0
