neutral,selected
3997512.7094533634,16503513.024113767
9617.586656442525,15513.742444952824
5339.967036718724,7748.38811983687
3486.002667543406,4845.261188291335
2489.3607818504497,3379.21483300207
1889.9220092010517,2526.8067223279377
1480.2670008595815,1962.8038981404811
1145.2727131084634,1520.6703605915757
0.0,0.0
