neutral,selected
4125857.2436470254,15983769.137024831
8561.6226075331,14070.52792634753
3956.585902678733,5923.358770551245
2471.915923764089,3510.167306920395
1816.64291281468,2474.6365187959204
1359.655810487199,1769.0454233833436
1058.7821830367814,1373.7298467483488
985.6981096922616,1247.2500853894696
0.0,0.0
