neutral,selected
39734500.3389933,160238574.2575529
4301.824139672031,7214.910127077984
1991.1613696607842,3085.699300338167
1241.1280189790823,1849.5405961449715
928.3197139277627,1286.6576489470795
713.4927305936656,951.3158079366011
560.8791840346237,725.2655005447233
469.58976248878565,592.1688556544188
459.24350993851016,554.207187843883
0.0,0.0
