neutral,selected
3988382.98813375,15642284.31984715
14345.16505253127,18620.25614226901
7001.203103765674,8590.344449208262
4090.6090874197857,4964.756844883702
2724.9961149963865,3470.433566434132
1815.0889700784182,2201.1886096617086
1288.2526848917225,1518.9665065048894
898.4080854436279,1073.0228010117266
0.0,0.0
