neutral,selected
4074342.8848484852,15582711.115151515
6327.032071650028,7669.374040484428
5109.1456823349,5911.64024502039
3774.3932968974113,4211.8284704089165
2790.0,3244.0
1841.6067031025887,1892.1715295910835
1111.8543176651,1157.3597549796104
594.9679283499718,580.6259595155716
0.0,0.0
