neutral,selected
3803161.9344329056,15815473.065567095
18722.987742602825,21694.027881264687
9689.030189096928,10005.317932844162
5287.906541824341,5385.324577331543
3269.0,3563.0
1783.0934581756592,1887.675422668457
1094.9698109030724,1083.682067155838
553.0122573971748,615.9721187353134
0.0,0.0
