neutral,selected
3956599.3680388634,16282883.088526791
1645.1759556178943,2558.008933235111
1051.828573433418,1589.495521829146
957.2851113437337,1651.586061402143
1043.3838383838208,2042.010101010105
736.5734745148444,1234.8462618301558
578.7370831322024,781.6458923121203
463.1513171093678,586.8153091891966
0.0,0.0
