neutral,selected
4199931.672100194,16438855.183389343
4048.7771024550757,7308.055902941905
1942.3887422175965,2950.3563626574305
1380.7884897954816,1946.5261234288039
1095.6927593452097,1464.3567956574977
909.0435675893186,1177.9508148171478
758.0424060277519,974.0634227794224
611.1249466558509,795.9770740949224
0.0,0.0
