neutral,selected
4199931.672100194,16438855.183389343
4048.777805180654,7308.056976697085
1942.3894042365132,2950.3572289016447
1380.7889072999637,1946.5265453240793
1095.6927593452097,1464.3567956574977
909.043150084831,1177.950392921872
758.0417440088332,974.062556535185
611.1242439302838,795.9760003397317
0.0,0.0
