neutral,selected
4063237.2877724017,15906699.321488274
4107.444218907167,7652.3816644126855
1895.2599206398456,2968.2805339443435
1334.2835407415885,1948.1118433356062
1053.3818428593372,1457.3119400148607
883.4382244300974,1170.7859269178657
761.2993944595146,984.4485687611957
657.2082877375367,841.578226763721
562.2395739697164,723.3207453385022
459.2536925037677,603.3625935847468
0.0,0.0
