label,x
Papio_anubis,209544.59834877928
Papio_cynocephalus_anubishybrid,230602.9432349825
Papio_cynocephalus_ssp,175044.6789863509
Papio_cynocephalus,273014.7268640075
Papio_hamadryas,156176.42448989238
Papio_kindae,254496.2845014407
Papio_papio,51393.79048800316
Papio_ursinus,196790.47679030374
Papio_ursinus_ssp,186922.02501501786
