neutral,selected
3872627.030684064,16381913.035982601
411.6890450610019,560.1473450541442
164.6707489066651,199.85372891426053
98.79017830954655,99.46314067840572
70.11111111111121,80.00000000000001
42.89871057934225,37.13685932159415
30.707028871112364,28.50182664129462
20.488732716772205,18.47487716807259
0.0,0.0
