neutral,selected
4055641.641278135,16118859.358721863
12673.598187029362,18222.518904864788
11625.978331387043,14603.182725429535
3009.718605041504,3643.2764172554016
6227.0,7483.0
786.2813949584961,1000.7235827445984
953.021668612957,1131.817274570465
257.4018129706383,284.48109513521194
0.0,0.0
