neutral,selected
3878730.987029168,16325494.572255993
9424.055588508281,12929.656047499117
4448.060933318675,5373.412504009177
2956.239303220552,3775.979155767135
2308.1033411034223,3322.56876456926
1579.7305491491338,2042.537394349184
1111.370146712364,1243.5327951361226
804.5065604537326,857.6876310432212
0.0,0.0
