neutral,selected
3955977.221975171,14793917.55984301
17730.357099945337,21590.036691740646
6357.560009571662,6638.726706554947
3139.970919940667,3398.921641446875
2374.191919191893,2871.5353535354743
1583.9401911703183,1744.8217928963393
1218.9874651765595,1205.4187479912387
962.1964354080543,912.5532072497068
0.0,0.0
