neutral,selected
4116738.8932654397,16010660.517250808
5025.592914932456,8759.027396093747
2449.5081316178484,4015.6843562644895
1527.1306014796708,2405.658320794515
1085.31623742262,1648.129055711197
855.8440912797722,1260.4803198477657
741.7907158845663,1068.1336230861368
823.5417215011091,1140.7519978352263
0.0,0.0
