neutral,selected
4116738.8932654397,16010660.517250808
5025.537279970773,8758.945664873629
2449.4736380947593,4015.6384829518847
1527.1115653318718,2405.6362208566466
1085.31623742262,1648.129055711197
855.8631274275713,1260.502419785634
741.8252094076553,1068.1794963987386
823.5973564627943,1140.8337290553407
0.0,0.0
