neutral,selected
40614442.87866973,159368703.89717752
2403.072225549831,4331.489443852481
1198.603248065576,2018.4906039809775
754.7480672224262,1212.3587875368441
532.488220920864,815.7866679795889
419.2080660924212,610.4745040381738
356.3362369115215,508.2889251860496
324.02662306176717,462.7514431549422
381.5015276550464,523.5995615062184
0.0,0.0
