neutral,selected
3997947.3344374658,16504176.681166442
9618.99470551242,15395.552174522225
5185.525467251867,7536.128992167087
3347.3373427625597,4670.679406976013
2392.604984944139,3269.7536582211765
1832.228324430698,2468.73408509156
1469.162265493632,1951.4084128747088
1167.900791226596,1540.9737846162857
0.0,0.0
