,n_sites,n_annotated,n_mismatches,outgroup_divergence,params_mle
0,8883558,274476,73228,[0.00029999 0.00014831 0.00015167],"{'K0': 0.00013000860914144243, 'K1': 0.00016997741407522694, 'K2': 8.1573483808985e-07, 'K3': 1.74866471649673e-05, 'K4': 2.084713768755384e-05, 'k': 2.741451209341118}"
