,match,mismatch,mismatch_fraction,no_data
Saguinus_oedipus,306591.0,123.0,0.000401025059175649,
Callithrix_jacchus,171998.0,9560.0,0.05265534980557177,125156.0
