,n_sites,n_annotated,n_mismatches,outgroup_divergence,params_mle
0,8268549,299222,106706,[0.00028513 0.00011976],"{'K0': 0.0001153749403670363, 'K1': 0.0001697597804876575, 'K2': 4.389361922808031e-06, 'k': 2.574486301369862}"
