,n_sites,n_annotated,n_mismatches,outgroup_divergence,params_mle
0,17851954,96577,12493,[6.57782667e-05 7.68296731e-05 8.26592979e-05],"{'K0': 5.147599859540692e-05, 'K1': 1.4302268073852846e-05, 'K2': 1.021013184542731e-05, 'K3': 1.5143542614728174e-05, 'K4': 2.097316747667747e-05, 'k': 3.2061024755325285}"
