,n_sites,n_annotated,n_mismatches,outgroup_divergence,params_mle
0,17851954,96612,12692,[7.94752403e-05 9.08383441e-05 9.65484997e-05],"{'K0': 6.527492624960509e-05, 'K1': 1.4200314092958607e-05, 'K2': 1.0275885294581674e-05, 'K3': 1.5287532564918778e-05, 'K4': 2.0997688171836105e-05, 'k': 3.206102475532528}"
