,n_sites,n_annotated,n_mismatches,outgroup_divergence,params_mle
0,18247827,232499,16305,[3.79401622e-05 4.41478669e-05 4.89889924e-05],"{'K0': 3.0428278414462167e-05, 'K1': 7.511883758683681e-06, 'K2': 4.329703174757897e-06, 'K3': 9.389885325178414e-06, 'K4': 1.4231010822373184e-05, 'k': 3.383561643835614}"
