neutral,selected
4122686.11017648,16407474.724476168
3201.7176484422266,5251.557749714678
2479.297029907087,3836.3913997033837
2104.2760933791924,3149.7832757158276
1827.9000310868516,2635.682145597267
1586.9276405682956,2194.069012523445
1335.322487137671,1799.5616475057377
1025.5966379433698,1382.0825481278268
0.0,0.0
