neutral,selected
3901974.578575751,16051607.596228825
6625.703940101422,10201.969983422936
3819.9227806738963,5224.1589388585
2543.45813282492,3278.1217061588713
1839.8091894268377,2288.7996894155144
1414.7964842200977,1715.24350571331
1132.4326194128985,1347.2311364853192
927.0168421579705,1093.5228344993232
763.7110100389889,892.2198241732934
608.0549614750281,701.6516163657748
0.0,0.0
