neutral,selected
38058671.76147901,161936050.16848996
779.5996980863239,1267.5350509985692
447.7148726976304,620.8943887375473
294.3022344402076,381.03141073165096
207.39542904648272,264.23099337517203
156.38620280024674,199.5366442393057
123.41728898851974,155.2698577520128
98.90438177874552,118.88849294098172
76.62981077159539,86.33327368013292
0.0,0.0
