neutral,selected
3925703.031813325,16037862.201644618
6288.235691620117,10088.43559522609
2897.014129919714,4243.044040856402
1782.9779758276993,2461.6669638333888
1301.4168657279827,1718.2874662316872
976.4012686292398,1252.0600690580263
789.7685249211178,989.589689156234
736.1307965872396,909.737464462517
0.0,0.0
