neutral,selected
38745988.15994898,161245051.92924747
1598.4143392393794,2867.4518692774272
682.3426842576354,1071.142899426264
363.4564338799879,548.5053469536481
223.25474153865122,337.36403640870833
155.003167940537,236.2624911656047
123.12237393134734,187.57594410940865
109.10137878212603,175.1596102805194
103.03713447797799,178.7163518822953
0.0,0.0
