,match,mismatch,no_data,mismatch_fraction
Homo_sapiens,156907.0,3939.0,6374.0,0.02448926302177238
Pongo_abelii,139996.0,4455.0,22769.0,0.030840907989560472
