,n_sites,n_annotated,n_mismatches,outgroup_divergence,params_mle
0,18434389,156588,4916,[1.99354318e-05 3.52368452e-05],"{'K0': 1.2822984780303826e-05, 'K1': 7.1124470157128e-06, 'K2': 2.241386046123125e-05, 'k': 3.311688311688312}"
