,n_sites,n_annotated,n_mismatches,outgroup_divergence,params_mle
0,17928846,156588,4917,[2.04759443e-05 3.62323255e-05],"{'K0': 1.3185802461666662e-05, 'K1': 7.290141887171324e-06, 'K2': 2.304652304179184e-05, 'k': 3.311688311688312}"
