,n_sites,n_annotated,n_mismatches,outgroup_divergence,params_mle
0,18331615,76361,6270,[5.43918502e-05 6.43031555e-05],"{'K0': 4.290096122468317e-05, 'K1': 1.149088896627769e-05, 'K2': 2.1402194258753305e-05, 'k': 3.6096813725490184}"
