,match,mismatch,no_data,mismatch_fraction
Homo_sapiens,76422.0,1927.0,2710.0,0.02459508098380324
Pongo_abelii,67921.0,2177.0,10961.0,0.031056520870780906
