,match,mismatch,no_data,mismatch_fraction
Homo_sapiens,75557.0,1353.0,513.0,0.01759199063840853
Nomascus_leucogenys,67382.0,1547.0,8494.0,0.02244338377170712
