,match,mismatch,no_data,mismatch_fraction
Homo_sapiens,228462.0,2640.0,1315.0,0.011423527273671366
Nomascus_leucogenys,203850.0,4313.0,24254.0,0.020719340132492325
