neutral,selected
4059312.1592124975,16152388.840787502
6873.091662108898,9186.543748915195
5645.53421163559,6984.031554102898
2510.0376492738724,2870.632344543934
2214.0,3454.0
1173.9623507261276,1185.3676554560661
838.4657883644104,863.9684458971024
455.90833789110184,446.45625108480453
0.0,0.0
