neutral,selected
4094164.775415554,15858599.575608091
11785.471598929476,15500.840601820943
4174.540173311019,4784.1273991172675
2062.7517883406676,2298.2852901459223
1239.8843809393793,1366.9999010664626
837.108672708567,915.1682307452772
614.4572974771041,659.4830445526204
480.6995904319313,515.8310067661232
0.0,0.0
