,match,mismatch,mismatch_fraction,no_data
Homo_sapiens,107117.0,927.0,0.008579837843841398,
Pongo_abelii,97640.0,1923.0,0.019314403945240703,8481.0
