,match,mismatch,mismatch_fraction,no_data
Homo_sapiens,52848.0,486.0,0.00911238609517381,
Pongo_abelii,47970.0,996.0,0.02034064452885676,4368.0
