,n_sites,n_annotated,n_mismatches,outgroup_divergence,params_mle
0,17960837,74450,2250,[2.17327636e-05 2.49593121e-05 3.98920095e-05],"{'K0': 1.5449540664506876e-05, 'K1': 6.28322298395274e-06, 'K2': 2.7117407758036242e-06, 'K3': 6.798030683154484e-06, 'K4': 2.1730728085776826e-05, 'k': 3.313629702002923}"
