,match,no_data,mismatch,mismatch_fraction
Hylobates_pileatus,32723.0,2892.0,290.0,0.00878441825947354
Homo_sapiens,35256.0,,649.0,0.0180754769530706
