,match,mismatch,mismatch_fraction,no_data
Homo_sapiens,73996.0,1339.0,0.017773943054357203,
Nomascus_leucogenys,65592.0,1649.0,0.024523728082568672,8094.0
