neutral,selected
4074455.3711682865,16024043.406038724
11034.198259290708,17328.415322728615
5354.680846059432,7398.599631698801
3268.5452472843117,4332.141443317982
2199.067738767266,2842.5581139522965
1531.0716327215941,1945.470606963507
1102.443705399006,1404.6158341038217
854.4411481148179,1110.973262588469
0.0,0.0
