neutral,selected
40034169.52068313,159931244.20841986
5839.654025497366,9436.205226812628
2897.873999570738,4095.632733594535
1790.0026411284234,2401.1744145196344
1221.2429109753411,1560.0925398638865
873.7732522669462,1080.6849418004454
641.0421459189408,783.6008508461858
484.41273701795757,599.5672617340173
386.35289267155315,494.9583228249206
0.0,0.0
