neutral,selected
3812064.400062164,15241140.521986691
7593.713329681307,11997.93574872462
4225.131121723962,5738.839325154335
3121.158593474636,3987.63610513253
2486.0492160130666,3072.2961310577725
2056.7181766394338,2484.1281253408924
1728.3031909061226,2055.9795200112526
1411.0091007828516,1701.180266502086
0.0,0.0
