,n_sites,n_annotated,n_mismatches,outgroup_divergence,params_mle
0,18468359,264067,19054,[1.04254695e-04 3.32009593e-05 4.33611304e-05],"{'K0': 2.5244832748433633e-05, 'K1': 7.900986229235989e-05, 'K2': 1.22645549987287e-06, 'K3': 6.72967100666201e-06, 'K4': 1.688984216075061e-05, 'k': 3.337343822304483}"
