,n_sites,n_annotated,n_mismatches,outgroup_divergence,params_mle
0,17853922,165886,5028,[1.13350790e-04 3.06399335e-05 3.86093280e-05],"{'K0': 9.45082363783878e-06, 'K1': 0.00010389996667212783, 'K2': 8.34800704578382e-06, 'K3': 1.2841102773462276e-05, 'K4': 2.0810497361772456e-05, 'k': 3.1871534195933497}"
