,n_sites,n_annotated,n_mismatches,outgroup_divergence,params_mle
0,17930722,179427,22928,[1.65810805e-04 6.05890309e-05 7.15027848e-05],"{'K0': 5.149981602731796e-05, 'K1': 0.00011431098929166028, 'K2': 8.145701968179628e-07, 'K3': 8.274644709279482e-06, 'K4': 1.91883985645429e-05, 'k': 3.05345211581292}"
