,n_sites,n_annotated,n_mismatches,outgroup_divergence,params_mle
0,18153231,140629,29084,[0.00024465 0.00010612 0.0001166 ],"{'K0': 9.709043463130906e-05, 'K1': 0.0001475547085883017, 'K2': 7.884344812229178e-07, 'K3': 8.244984274244346e-06, 'K4': 1.8725833258009407e-05, 'k': 3.1972665148063797}"
