,n_sites,n_annotated,n_mismatches,outgroup_divergence,params_mle
0,17816434,178017,22381,[1.65134603e-04 5.91633755e-05 6.96041335e-05],"{'K0': 5.01330344687349e-05, 'K1': 0.00011500156814761063, 'K2': 6.391045817665905e-07, 'K3': 8.39123646634717e-06, 'K4': 1.8831994467491472e-05, 'k': 3.0638202247191}"
