,n_sites,n_annotated,n_mismatches,outgroup_divergence,params_mle
0,18111877,180815,39228,[0.00010169 0.00025703 0.00013187],"{'K0': 9.165352405076045e-05, 'K1': 1.0036321023571936e-05, 'K2': 2.0006601536487116e-05, 'K3': 0.00014537467862233376, 'K4': 2.0205920280935218e-05, 'k': 3.166817769718951}"
