,n_sites,n_annotated,n_mismatches,outgroup_divergence,params_mle
0,17771133,165010,4840,[1.12948726e-04 2.68847640e-05 3.48341606e-05],"{'K0': 7.412099486468056e-06, 'K1': 0.00010553662640968896, 'K2': 6.769811822636759e-06, 'K3': 1.270285272900318e-05, 'K4': 2.0652249285218148e-05, 'k': 3.192933519293352}"
