,n_sites,n_annotated,n_mismatches,outgroup_divergence,params_mle
0,17869560,171728,23046,[1.80268134e-04 6.70070892e-05 7.90664518e-05],"{'K0': 5.8647010704808624e-05, 'K1': 0.00012162112297994606, 'K2': 7.11603474292461e-07, 'K3': 7.64847503058107e-06, 'K4': 1.9707837593390967e-05, 'k': 3.2161785216178504}"
