neutral,selected
4042861.730745596,16139293.269254403
16025.644020676613,20651.83583754301
7210.348420262337,8138.752030014992
3817.6883840560913,4269.786530673504
3012.0,3787.0
1775.3116159439087,1790.2134693264961
1232.6515797376633,1204.2479699850082
655.3559793233871,677.1641624569893
0.0,0.0
