,n_sites,n_annotated,n_mismatches,outgroup_divergence,params_mle
0,17993759,154735,7298,[3.36521692e-05 3.22056641e-05 4.63883978e-05],"{'K0': 1.7853799892257573e-05, 'K1': 1.5798369310007933e-05, 'K2': 4.8003593156198694e-06, 'K3': 9.551504915666468e-06, 'K4': 2.3734238559952436e-05, 'k': 3.4309031556039127}"
