,n_sites,n_annotated,n_mismatches,outgroup_divergence,params_mle
0,17495417,171217,3134,[2.25614755e-05 2.10215686e-05 3.36961125e-05],"{'K0': 8.105436632230305e-06, 'K1': 1.4456038838562586e-05, 'K2': 3.763608971770939e-06, 'K3': 9.15252300295936e-06, 'K4': 2.1827066910597796e-05, 'k': 3.7139689578713933}"
