,n_sites,n_annotated,n_mismatches,outgroup_divergence,params_mle
0,9083278,53175,2611,[4.03457345e-05 3.97892290e-05],"{'K0': 2.1337784373398097e-05, 'K1': 1.9007950121866057e-05, 'K2': 1.8451444590266396e-05, 'k': 3.248419150858176}"
