,mismatch,match,no_data,mismatch_fraction
Saguinus_oedipus,1923.0,53259.0,24112.0,0.034848320104381866
Sapajus_apella,800.0,28428.0,50066.0,0.02737101409607226
