,no_data,match,mismatch,mismatch_fraction
Sapajus_apella,81380.0,93151.0,3116.0,0.0323683089739994
Saguinus_oedipus,112273.0,63516.0,1858.0,0.028421084834949675
