,no_data,match,mismatch,mismatch_fraction
Sapajus_apella,69502.0,78270.0,2624.0,0.03243751081662422
Saguinus_oedipus,95755.0,53079.0,1562.0,0.028586592485496238
