,no_data,match,mismatch,mismatch_fraction
Sapajus_apella,156558.0,631382.0,12830.0,0.019915804114173596
Saguinus_oedipus,278179.0,511287.0,11304.0,0.021630682503142994
