neutral,selected
3892629.8169549215,15848261.306654794
12574.55673182544,15664.29421507464
5566.824187862483,6584.025980242784
3775.1271041713053,4498.305853250475
3130.3791763794925,3940.3154623160412
2398.613066768507,2741.9115515666517
1962.5868455483214,2005.2277882108378
1596.485936619713,1546.2224904472353
0.0,0.0
