neutral,selected
3844091.2246160735,15738569.930939497
34477.76123620746,39497.635245622165
10850.22415611229,11079.353095461494
5028.227574957727,5209.144593779255
3013.5555555557457,3316.666666666916
1818.4835361533121,2001.2554062206927
1230.8425105545202,1384.6691267609613
806.3054304454181,894.7203099330454
0.0,0.0
