neutral,selected
3977362.225971048,15638468.251840033
17663.499486944478,21427.06298270468
8542.619981031488,9999.348970139474
3847.9066656032064,4679.8029971551605
2722.9090909094243,3370.1041181048286
2883.691003394271,3294.5558218035126
2768.705271493318,2994.783430792188
1569.3333246894776,1675.199044154613
0.0,0.0
