,match,mismatch,no_data,mismatch_fraction
Homo_sapiens,119300.0,1743.0,920.0,0.014399841378683609
Pongo_abelii,109203.0,2455.0,10305.0,0.021986781063604938
