,n_sites,n_annotated,n_mismatches,outgroup_divergence,params_mle
0,18223476,64646,1590,[1.46632849e-05 1.90247042e-05 3.33110617e-05],"{'K0': 7.550383581098956e-06, 'K1': 7.1129013430759115e-06, 'K2': 2.671575164876462e-06, 'K3': 8.802745491007398e-06, 'K4': 2.3089102940871226e-05, 'k': 3.590655154900965}"
