,match,mismatch,no_data,mismatch_fraction
Homo_sapiens,76871.0,1486.0,440.0,0.018964483071072145
Nomascus_leucogenys,68515.0,1482.0,8800.0,0.02117233595725531
