,match,mismatch,no_data,mismatch_fraction
Homo_sapiens,233983.0,2962.0,1200.0,0.012500791322880837
Nomascus_leucogenys,207970.0,4359.0,25816.0,0.02052946135478432
